Savings,Bank Member,Debt,Previous Loan Applicant,Requested Amount,Age,Defaulted
18894.688018466873,False,113.0605307135282,False,6515.327917390543,52.0,True
18144.2730867874,False,557.1741122093448,False,7930.8911644555765,57.0,True
20418.835303164524,True,2024.5537399319503,False,8433.14781870798,55.0,False
24652.15990155127,False,1717.262086503432,False,6756.11439814685,48.0,True
24414.160948218374,True,2698.323916544041,False,7547.455833867351,47.0,False
31817.763251299108,True,3976.748558037589,False,8654.274649990204,52.0,True
23265.535796138065,False,1993.4010109151388,False,7882.1006342379715,53.0,False
19792.18037720364,False,25.416382351509892,False,6786.3647985022,56.0,True
37600.09764408683,False,3591.515139241038,False,8314.289485204654,53.0,False
14255.010605008567,True,1617.7626083597754,False,7317.441236478102,48.0,False
11391.188799266009,True,1477.6010112136255,False,8503.003451741264,54.0,False
22074.390408971263,True,2366.328619036039,False,8175.145206413647,52.0,False
18364.756474224552,False,-1009.9119425943536,False,6826.705788570395,59.0,True
31211.468195069814,True,4537.054540383307,False,8713.648430123825,50.0,True
29590.694917579185,True,3468.2965872653135,False,7816.4348398963975,49.0,True
26659.94862384736,False,1730.1203623936394,False,7715.524627812759,54.0,True
19513.48920982472,True,1865.714025960184,False,8344.418533266959,55.0,True
24904.282156836245,True,4098.22544142537,False,7945.8211026458375,42.0,False
26067.99466742696,False,2068.3402472106163,False,7519.460082112163,51.0,True
52439.434510233936,False,4715.569876078871,False,6167.619098724154,40.0,False
33671.34846858759,False,2177.4786587820845,False,7935.403177537359,58.0,True
43627.40111717129,False,1190.3345302367445,False,7473.002417009848,65.0,False
7584.321106249323,True,1667.8976658469776,False,8240.334832535546,50.0,False
38514.30946948223,True,0.0,False,8376.836740369417,47.0,True
12009.04780023791,True,234.15120889687782,False,8222.807558251878,49.0,False
33327.80945281819,True,3365.4819996365795,False,7388.242329365496,49.0,True
46597.59858334527,True,0.0,False,7992.821860927074,41.0,False
18553.938854975284,False,792.9974878154775,False,7683.718366082149,56.0,True
16810.501533584207,True,3898.655711103885,False,9115.335872292591,46.0,False
27227.0659896232,False,975.4450985403367,False,7387.800645819942,58.0,False
27755.635460001005,False,1231.4241026703999,False,7423.692817362844,57.0,False
17853.700230619852,False,-768.180007726345,False,6569.50115212599,57.0,True
62008.22603920961,False,0.0,False,8718.202090993394,54.0,False
11730.897834010844,False,454.35308039709855,False,6899.8462977214795,51.0,False
7890.492310770609,False,-1609.310845562529,False,7203.352227189993,59.0,True
18078.22749648789,False,139.83722617251448,False,7278.44895054622,56.0,True
40038.465485453664,False,3505.3269898296553,False,7121.005993696374,47.0,False
41267.15190892678,False,3493.224786225124,False,8522.905394334204,57.0,False
33850.849510219006,False,2939.8993127342665,False,7637.109920484886,52.0,True
25435.713259587974,True,2644.710138457789,False,7945.17218342105,51.0,True
20760.363831591872,False,1749.7372060739215,False,7514.8082038866405,51.0,False
24505.299987562492,False,-312.4194486453158,False,7161.742907957257,60.0,True
42272.35592232698,True,0.0,False,8537.933785139141,51.0,True
31584.303353743115,False,3163.4844591434053,False,6490.843397164847,42.0,False
12820.645680105865,False,-188.2624320703643,False,7540.487134920617,57.0,True
29865.691598669626,False,2851.771588937641,False,7586.990670272998,49.0,True
31746.010636844403,False,3013.021690776719,False,7093.983586865621,47.0,True
17213.39839611037,True,4118.283528039633,False,7091.0315676616965,33.0,False
33406.9216218065,True,3401.199735099995,False,7936.052463589819,52.0,True
41048.13335334876,False,2416.431125304433,False,7227.849689485723,55.0,False
35246.24011508505,True,3566.4906595228563,False,8709.133903003973,54.0,False
22676.86748080745,False,1752.313089613256,False,8167.091567936563,56.0,True
33760.82427451576,True,4529.650411561325,False,8872.461305163748,50.0,True
23859.338869827945,False,2114.2243991672653,False,7120.783450091084,48.0,False
28397.676956287687,True,3406.5808253864757,False,6854.891175632077,41.0,False
26884.61168769604,True,2840.8609191224214,False,7538.398446111044,48.0,False
25663.963208364043,False,1486.4668842488586,False,6974.249600982,52.0,True
40327.31501188433,False,2186.7040535833908,False,6905.807734892882,54.0,False
31133.59419353025,True,3464.6793270747335,False,8661.897113224277,55.0,True
42610.012989836534,True,0.0,False,9382.572614948103,45.0,True
22958.93957046926,True,2404.7208682823834,False,8292.119601998147,53.0,False
33647.51730267872,True,4372.86153702029,False,8376.338689352993,50.0,True
44462.94408696296,True,0.0,False,5725.519018794009,28.0,False
53906.094603550046,True,0.0,False,8034.470520222389,42.0,False
16715.33777499269,True,2774.986153643033,False,8863.851546435126,51.0,False
26417.495750050508,True,3425.103589825943,False,9648.95959759005,57.0,False
38756.350004233376,False,2776.1170464260604,False,6847.461035072758,49.0,False
15233.691450648601,False,-982.1211865637354,False,7341.443901536613,61.0,True
49960.863445962976,False,4544.883666586491,False,5952.749879082452,39.0,False
25727.615126622783,False,857.6060271984552,False,8084.345679850381,62.0,False
34888.02130217959,True,4410.744510703712,False,6343.180125952553,35.0,False
36663.037425668634,False,3461.866575502582,False,8133.47054687038,52.0,False
40834.51173679317,True,4554.899602930678,False,8085.400981828812,47.0,False
30740.61497960785,False,2418.978283031655,False,7630.234314081693,53.0,False
19587.661076438053,False,1320.1436543233526,False,6698.703025975382,48.0,True
37696.71220769973,False,2935.26115345801,False,8934.499317956279,61.0,False
23502.49487053493,False,1722.9286980093964,False,7625.929422965693,52.0,True
62528.66722228831,False,0.0,False,7758.286492460581,50.0,False
58831.358608976974,False,4589.154446699736,False,8561.050052698998,59.0,False
52555.4187211691,True,0.0,False,8373.358252813641,48.0,False
21838.60423782664,False,264.12804409949644,False,6848.016340944431,54.0,True
5343.4963351167435,False,-6081.170590839685,True,5046.088848979002,61.0,True
26293.459064075985,False,2313.4079346854182,False,7655.176025457793,50.0,True
34391.154843898235,False,1633.4830056330304,False,8123.611660791446,62.0,False
17675.88785305122,True,3616.6137475632786,False,7857.367697301498,41.0,False
20308.376636918278,True,3268.171881886045,False,8272.880689046968,47.0,False
41512.03771809266,False,3109.651516560641,False,7021.048467407074,50.0,False
56630.95572121707,True,0.0,False,8245.312229218962,41.0,True
27944.479851386674,True,3286.8984075244152,False,7728.414236788943,47.0,False
18951.960929925568,False,590.465100285241,False,7767.530283647639,57.0,True
18874.727693952496,True,1660.1861188029554,False,8519.096853755267,57.0,False
35278.519734214045,True,3471.011639697216,False,7833.729781863361,51.0,True
12593.419545261124,False,-1386.147179979889,False,7361.861643757059,62.0,True
33974.90006127142,True,0.0,False,9012.995057627106,46.0,True
38624.12159331327,False,3022.9275511183155,False,7378.0436298689665,51.0,False
14538.627217205983,False,-963.2240768291034,False,7118.963343858328,59.0,True
22102.898473000016,True,3736.941129561961,False,9851.598898801416,54.0,False
19457.164415123392,False,-74.06522775044522,False,7197.83977908117,57.0,True
15264.008211672082,False,-772.9106505834857,False,6797.891637987616,57.0,True
31630.663538377557,True,3133.012844245556,False,8103.6412245838,52.0,True
35672.41901254851,True,4787.796474095825,False,8429.927144010171,46.0,False
32636.574329993888,True,4940.444416227811,False,8917.69838640107,49.0,True
41164.12213926304,False,1997.5705036616805,False,7692.224973677394,60.0,False
54647.257982741176,True,0.0,False,7289.031912207937,36.0,False
36829.08171097568,True,4034.6328173447027,False,8440.009184065191,51.0,False
37203.03927268001,True,0.0,False,7429.793786014373,38.0,False
29199.50629611089,False,2482.727980435733,False,8649.513198248755,58.0,False
21620.968149719505,True,3300.0440152381043,False,7470.210228693742,42.0,False
27480.446964272352,True,2457.325828786837,False,8099.258871160086,55.0,True
27025.01575413322,True,2889.639134381045,False,8116.887935707931,51.0,False
48515.87637681877,True,0.0,False,7654.349328744045,41.0,False
18168.109527678516,True,3938.2406386395037,False,8287.05529803647,42.0,False
57793.387620903624,False,3245.0595390904887,False,5672.958939099396,48.0,False
18657.23493054833,False,512.9001949099412,False,7388.2918839102995,55.0,True
20209.563805859754,False,-203.05930792931545,False,6507.089712807861,55.0,True
17968.465724762886,True,0.0,False,9506.505416868476,42.0,False
24304.57131538506,False,2068.9639580639605,False,8579.112674314236,57.0,True
47378.4389664425,False,2817.7028759103828,False,7720.210229027703,59.0,False
25715.053528670916,False,1517.8720362783258,False,6782.905688154728,50.0,True
28760.417817260048,True,3732.2357086827205,False,7828.472667922452,45.0,False
42191.21416600577,True,0.0,False,8307.430524772066,43.0,True
21717.78533929497,True,2541.568404056517,False,8746.036432594508,54.0,False
49465.27332724543,True,0.0,False,7766.7888575133065,40.0,True
40503.11728363148,False,2422.9909879280567,False,8813.785460712339,64.0,False
35341.149815936136,False,2601.884679802805,False,7273.0429764179235,52.0,True
20702.18534651364,True,3326.8234231940114,False,8770.927458531993,49.0,False
29624.97235311321,False,611.9782520010982,False,7968.64748736157,65.0,False
34479.18846767076,True,3957.223290285453,False,8463.540862740125,53.0,True
24340.565341509493,False,876.8953469513775,False,8961.02031933627,67.0,False
14820.839935578433,False,911.1552026729286,False,8310.524992858398,58.0,True
36110.054431144934,True,4830.245901263014,False,8239.809375093444,48.0,True
22667.0421033977,True,2198.24482257742,False,8255.7383600226,55.0,True
40755.34414643356,False,4445.366725518202,False,6708.64942946351,40.0,False
47163.203513849054,False,3954.729537720704,False,5691.961016916665,39.0,False
20904.01985261471,False,1363.6970102824987,False,7694.862645345653,54.0,True
29357.225898131557,True,3724.381944590201,False,7499.774026184007,43.0,False
31026.142660845082,True,3367.117133261265,False,8264.971835474755,52.0,True
33692.72774693197,False,2741.4707426242708,False,7744.403835229074,53.0,False
18823.98027618144,False,330.4537853452607,False,8090.899426186518,62.0,False
33899.16386041058,True,3823.614147066399,False,7800.913249200968,48.0,True
1046.1557769567564,False,-641.7109101708576,False,7708.7224995217675,57.0,False
56443.911011947304,True,0.0,False,7496.270040113035,43.0,True
33723.328667529735,True,3903.592144012176,False,8082.838399709425,51.0,True
5479.5660404339005,True,1303.8204418420419,False,7984.130514434053,50.0,False
43693.24513039248,False,2552.878085189931,False,7887.370696077453,60.0,False
13647.440694369398,False,237.6588848538441,False,6759.343199140501,51.0,True
5450.470140164341,True,566.3367257352259,False,8919.506310170185,60.0,False
24108.324313187182,False,646.0458582635944,False,6371.227416933475,51.0,True
69121.5453168629,False,0.0,False,5746.042284594985,43.0,False
14797.451326188933,False,-1489.1455307714434,False,6841.1425648704835,60.0,True
20304.756150749574,False,794.7530277120377,False,6564.897216746553,49.0,True
44136.60437794348,True,0.0,False,8951.421538193841,51.0,True
35635.34398361052,False,3233.446809507111,False,7217.856892886673,49.0,True
25363.608010676133,True,3826.3668735766933,False,9253.054054025035,52.0,False
29323.80187016714,True,3278.759039876223,False,8526.73958210254,53.0,True
31171.933581878322,False,967.2043571896228,False,6981.379816078036,58.0,False
23542.531660049903,True,2709.317203446796,False,8049.353368753179,50.0,False
43660.660191429255,True,0.0,False,7592.997014911652,42.0,False
30634.019280929013,True,4165.799940298179,False,8961.241129169206,53.0,True
20330.094225548128,False,-694.88823871996,False,6633.56232482796,57.0,True
33090.82963344059,False,2560.0542185778572,False,8235.445123925076,57.0,False
15032.149582697026,True,3220.404968069599,False,7771.617574686365,41.0,False
39518.45841202762,True,0.0,False,7953.72283704596,45.0,True
28770.82894733665,False,2835.5421659288513,False,7517.743160961015,49.0,False
21719.060101040905,True,2214.932388244325,False,8782.110338909135,57.0,True
33410.63227067525,True,3469.809633411097,False,7797.133160545441,49.0,True
24887.96664227375,True,2819.168241495569,False,7770.469869352987,48.0,False
53788.733349714385,False,4716.949552953574,False,8123.939013125518,53.0,False
13731.453387670364,True,2400.805825015129,False,7855.972483954799,46.0,False
19972.332041380632,False,242.71903162712903,False,7245.533938928459,56.0,True
27334.118017178647,True,3474.529775738182,False,9053.298979934489,54.0,True
27888.510602547452,True,3225.834516358504,False,8929.118708659253,54.0,True
46828.353552002656,True,0.0,False,8314.835727743975,41.0,True
27477.226757459623,True,3418.213122675465,False,8326.382596603826,52.0,True
42549.79980461316,False,3801.6181882859532,False,7838.493064034095,51.0,False
42390.23138373412,True,4430.177075064056,False,7708.171234340739,48.0,True
10770.77994537857,True,1675.4537413424523,False,8714.354559523545,54.0,False
21630.075406491636,True,4056.471947067109,False,8389.504095185897,43.0,False
15196.239372829868,True,1975.0602279735472,False,7344.318956684314,46.0,False
37690.45316812006,True,4807.379955728937,False,8533.172366964342,50.0,True
16526.024164855902,True,2676.544835599589,False,7892.8737869928955,46.0,False
48555.02586031451,False,4918.3169304499515,False,7419.129103685428,45.0,False
47832.89394585415,False,4723.516794485688,False,8200.288506919787,50.0,False
38109.3780459715,True,4218.954844852158,False,8698.277657757813,52.0,False
52651.23630885102,False,4518.300419908317,False,7517.915191696553,50.0,False
39481.30181317882,True,4673.289685158611,False,7564.139433001649,43.0,False
42864.554180349616,True,0.0,False,7386.800057351993,42.0,True
26885.824287444862,False,1976.8917335508663,False,7593.525176218521,53.0,True
12763.24058217848,False,-1646.166266638846,False,6885.576575476373,58.0,True
24239.55017776564,False,1931.2858373335791,False,7637.738587932933,51.0,True
29754.32594068489,False,2719.4512272045285,False,7908.922374152165,51.0,True
36618.38323819762,True,4518.455952714146,False,8526.98785357341,52.0,True
57672.00788652178,False,4098.61126719513,False,6562.954252515125,49.0,False
30026.860298094867,False,1759.2088654066995,False,7231.289597746067,54.0,False
33388.23766173364,True,3940.04280193948,False,8246.06202391101,50.0,True
39042.80871019673,True,4933.897087913854,False,7956.1111251389075,43.0,False
47845.57367931496,False,3458.8504489618813,False,6258.9521171139795,46.0,False
12163.458129623225,True,1568.03202269002,False,8888.685363967375,57.0,False
36694.79286828799,False,1770.3205558038323,False,7271.694970083804,57.0,False
33500.73884951747,True,4023.861575233672,False,7351.407210635104,45.0,True
20389.71948941105,True,4543.515575768997,False,8505.208695155594,40.0,False
2322.3765115615256,False,-4456.879502299299,False,6858.265396532598,70.0,True
32022.340254284783,False,3658.555781115488,False,5780.515309845536,35.0,False
6691.176195965758,True,2087.7460755621078,False,7780.148912800341,44.0,False
31469.709258450323,False,2363.875052960019,False,8097.727576593391,57.0,True
17455.71972555751,True,1763.0190392390161,False,8010.7765416277125,53.0,False
19583.8666407448,False,-149.15654022501013,False,7098.828576937959,59.0,False
32953.431212934884,True,0.0,False,8930.409511007238,48.0,True
31726.592485654463,True,4611.103174837968,False,8808.84725916021,50.0,True
58227.94948205325,False,2659.7433289018936,False,7748.148159489435,65.0,False
26845.180860710734,False,1007.4462290881387,False,6809.0905298279795,54.0,True
29983.901270518134,True,3749.3403994036817,False,8445.128397508606,51.0,True
59273.62803435968,False,3486.9071312883007,False,6831.732754483325,55.0,False
38549.78548142947,False,2644.7292418590882,False,8150.1374360547925,58.0,False
34392.36058094828,True,0.0,False,9091.886895326412,50.0,True
55043.89724375837,False,0.0,False,9125.446312897504,55.0,False
25410.966699054057,True,2937.548100875409,False,8528.493932997875,54.0,True
30179.071475968907,True,2708.690382950429,False,7893.045482050502,54.0,True
211.99026561642853,False,-3164.31216418522,False,7465.796210071976,65.0,True
39319.29127967249,True,0.0,False,7720.141017269792,40.0,False
15048.876511635857,True,2418.622757482567,False,8032.074810828478,48.0,False
40398.359420585715,True,0.0,False,8249.875609281113,42.0,True
34164.789848758715,True,3278.3541023013317,False,7731.805044212881,51.0,True
29924.55594933224,False,2540.329170592621,False,6779.532817051254,46.0,False
34928.10125760458,False,3125.2147605498576,False,6836.6976099597305,46.0,True
40204.762553401015,False,2809.0507796026286,False,8388.926583110262,59.0,False
31100.469723528793,True,3440.804795883481,False,8280.547424317068,52.0,True
15004.09797538064,False,-916.5360102905059,False,6399.952717567418,53.0,True
36581.92877249718,True,0.0,False,8778.422826547447,46.0,True
15453.334015085882,False,-475.8427912366114,False,7061.809993132678,58.0,True
12845.512267976197,True,2241.037633363433,False,7635.57069773144,45.0,False
19876.94171791661,True,4180.148139774943,False,7839.6623215247155,38.0,False
25228.51396733732,True,2557.796870089101,False,7415.643895490822,51.0,True
32176.66800209189,True,4774.804588218366,False,8314.846558145022,46.0,True
15059.537130151568,False,371.0325779544252,False,8281.793812506297,61.0,False
15654.560732872285,False,258.69891279562387,False,7902.499803588095,59.0,True
14739.503620123765,True,1581.3563544248614,False,7439.351439226378,49.0,False
35890.97272882733,True,4955.092051620058,False,8554.384275007578,48.0,True
33710.726836654714,True,4301.657730576165,False,7634.073549636461,43.0,False
30770.72456749686,True,3922.734841560799,False,8221.404446658464,50.0,True
24916.198974116163,True,3113.802520206053,False,8552.537409617498,52.0,True
52689.32155624768,False,2431.4176365473786,False,5658.779066661923,51.0,False
33824.81260162636,True,3447.1382464944927,False,8155.6505125669155,51.0,False
33201.65332483388,False,3179.6144611408895,False,6479.264067347479,42.0,False
59434.86192247024,False,4782.423125491412,False,8226.31501511195,56.0,False
59360.46266876363,False,0.0,False,6871.346585085849,43.0,False
23396.831081230226,False,1884.4718854708044,False,8122.125792230133,54.0,True
19377.5243016,False,-1018.8534007817191,False,6205.065731884293,56.0,True
38146.03112485279,True,4576.27083963461,False,7363.340717704826,44.0,True
27279.490066736358,False,2501.0253121993937,False,8108.609882891539,54.0,True
32070.642924301475,False,2939.2343497060688,False,8291.340327897227,54.0,False
54482.97471298021,False,0.0,False,6176.641313902488,35.0,False
18585.582802934936,True,1621.777942585598,False,8837.713568752824,59.0,False
47530.326915620215,False,4116.383050108259,False,8197.821163240262,54.0,False
49538.38361785658,False,0.0,False,7334.987371212494,42.0,False
35527.36736819386,True,4051.948149130265,False,8015.867333992549,49.0,True
33215.70664050977,False,2807.434553004621,False,6743.500871730513,47.0,True
32294.170968555864,True,3920.251036039487,False,8251.080354527314,48.0,False
50406.507376356756,True,0.0,False,8866.968335967958,45.0,True
37091.660757949416,False,1207.8358407184019,False,7923.901155894748,65.0,False
33982.6884308504,False,2776.815557731585,False,8421.123754812472,57.0,False
49762.04120103629,True,0.0,False,8573.203013752003,47.0,False
24512.35715629566,False,1615.4029224086567,False,7604.526132933275,55.0,True
14733.3584894061,False,-515.2687618774144,False,7103.711934532051,58.0,True
56783.421062807414,False,2513.2400123006164,False,8039.005372148326,67.0,False
55191.86595414077,True,0.0,False,6848.732624921837,34.0,False
19806.713341001574,False,882.2743426417619,False,7871.699333152565,58.0,True
34371.0250739045,True,4140.961586937989,False,6854.17119399556,39.0,False
49450.08633613551,False,2414.5580438314,False,6600.5889901213195,55.0,False
22377.278759006436,False,2086.6011163054513,False,7373.360577520765,49.0,False
31433.514471457453,True,0.0,False,8734.638486064863,39.0,False
41037.87273630482,False,3459.3941596209397,False,7932.895371151042,53.0,False
44656.51024155656,False,2938.62693547935,False,6984.084727047273,52.0,False
35657.634184510105,True,4730.3692756222745,False,8909.988720498422,52.0,False
45403.43184704243,False,4113.519240622954,False,7510.599190831859,49.0,False
28812.949600235625,False,2278.881547680976,False,7824.44969787621,54.0,True
10720.798941834324,False,819.5097375316408,False,8431.407116447845,54.0,True
39689.404461686965,False,3939.6005509479787,False,6726.445914483423,42.0,False
66593.61688257262,False,0.0,False,6817.9138841522545,41.0,False
24527.27072719993,False,1684.3048029658735,False,7023.531972364082,50.0,False
41192.88344828336,True,0.0,False,8727.250764825714,48.0,True
22086.612696527813,True,3153.039105497221,False,7854.777698610746,45.0,False
16582.551338686724,False,374.5181970225117,False,7714.639799041773,56.0,True
28196.66386775633,False,1875.5326198806026,False,7651.051568867759,55.0,False
27500.19052324767,True,3234.7129689172193,False,8642.979100579694,54.0,True
30092.607962562957,False,1644.8072602845707,False,7141.518496043634,53.0,True
21423.972811711144,False,1957.4203960340024,False,8047.597608418709,53.0,True
33923.65401687668,False,2675.3133601772874,False,6888.109480637959,48.0,False
41260.07904969456,True,4789.60496970114,False,8044.152557048461,46.0,False
28104.45291840002,True,2831.7218443937504,False,7567.288460324405,49.0,True
28514.37199984227,False,2072.219160275594,False,6951.615316774692,51.0,True
20815.572130975277,False,-36.13674548549773,False,6585.053186269823,56.0,True
37691.13846491798,False,3886.465854549505,False,7568.100677448553,47.0,False
41352.35159072134,True,0.0,False,8935.73400027235,49.0,True
54462.31322447843,False,4237.055879720256,False,7313.295640460428,51.0,False
40898.8940273504,True,4408.139833484352,False,8130.068969691855,49.0,False
32156.079471810892,True,3672.6134334361213,False,7936.970887268899,50.0,True
11884.219206496555,False,-1833.9087608306588,False,6418.30649280875,57.0,True
33070.04589042564,False,3299.666650018566,False,7096.529524505084,45.0,False
13972.03190161048,True,2520.355792538538,False,8867.675010272553,52.0,False
16354.54359934556,False,1306.1964357651104,False,7435.848067240532,51.0,False
28735.805363394215,False,2463.264007179772,False,7747.169033587683,52.0,False
18116.600884094743,True,3436.3048110363393,False,8452.364206627826,46.0,False
29803.035888190367,True,3063.5459628203216,False,7198.666275523845,47.0,True
40816.499617538335,True,0.0,False,9177.751943663065,46.0,True
6986.854384816093,True,-82.24382823858933,False,8026.983181929424,52.0,False
5812.877206547116,False,-2398.1310243680005,False,6989.8245905165795,60.0,True
24885.644548075474,False,1212.561002456591,False,7684.925155254135,58.0,True
41188.188330687335,False,3430.195490227337,False,7277.431175710062,49.0,False
69958.26320668479,False,0.0,False,7580.636941297936,55.0,False
30295.770436698636,False,2639.8422303141533,False,7653.329286221794,52.0,True
38331.612303073416,True,4127.5934929555415,False,7745.243470140353,48.0,True
36128.001316691545,True,0.0,False,8418.820000975165,46.0,True
35931.22411175233,True,4757.276964553363,False,8289.15755576994,47.0,True
21462.484293576712,False,786.6462735509448,False,7517.573041873769,56.0,True
54148.96599971671,False,4739.3220298641445,False,7021.89698751883,46.0,False
29412.357218094417,False,2525.483232060377,False,7885.8586736884645,53.0,False
67003.09363362733,False,3556.759395460077,False,6009.7877041542115,53.0,False
30371.46772740061,False,1884.299783516501,False,8762.495504539096,63.0,False
21799.19697309869,True,3218.7661110802283,False,8627.142372531602,50.0,False
10188.01921595913,False,-542.9080874376596,False,7438.75767885562,57.0,True
43194.33223822565,False,3619.5747427098604,False,7454.043449608623,50.0,False
57406.16024769192,True,0.0,False,8394.60353007394,39.0,False
23817.97343802585,False,486.3269077888224,False,7174.561109667334,57.0,True
20466.674964114725,True,0.0,False,8601.574987095359,37.0,False
30666.749156701142,True,3570.2428949796995,False,7919.432720624184,49.0,True
39962.34926777621,True,0.0,False,8012.200847635036,44.0,True
38451.58000264536,True,4609.925668430832,False,7291.711821580831,43.0,True
15992.040716879561,False,269.6170677154317,False,6882.9001222952575,52.0,True
2495.239681385391,False,-3215.713577545579,False,6554.257762067572,61.0,True
30201.734077003133,False,2471.2761554600797,False,8903.97593210403,60.0,False
36489.164854385686,False,1022.6027363013266,False,7417.345558425641,62.0,False
3692.831536610837,False,-2341.3523311524546,False,6899.724495511512,59.0,True
21553.88009325185,False,781.2688700121289,False,7123.907205849855,53.0,True
21624.499948746023,False,1438.8572875802624,False,8709.622301850355,60.0,True
47005.96017570929,False,4995.46411180112,False,7056.2132463728285,41.0,False
38743.072585250535,True,0.0,False,8320.179150642814,47.0,True
5184.653945656579,True,2814.5654555829146,False,8677.722896342895,45.0,False
27042.85386467352,False,2393.9341357822673,False,5365.586740019101,37.0,False
13583.306816421962,False,-641.5553987387771,False,7670.88825945506,60.0,True
42080.13759113772,False,3256.5873694602033,False,7348.4030699637015,51.0,False
39114.09264775104,True,0.0,False,8949.327690557142,50.0,True
46882.53422022924,False,4376.277041895333,False,8624.072557296504,55.0,False
18403.851352440877,True,1956.8830443322454,False,8893.788066970985,57.0,False
21930.811352217406,False,1046.0143827171264,False,7175.988181139001,52.0,True
38042.258538969196,True,4199.006047736178,False,7959.7094225253895,49.0,True
48726.73491055592,False,1030.40365449812,False,6774.282834853138,64.0,False
18961.24067974407,False,167.23670799634726,False,7300.6491147727775,56.0,True
7205.102168875195,False,-890.6743931307077,False,8391.603225091472,66.0,False
53236.65014036161,False,4904.657388855549,False,7171.288728660084,46.0,False
39087.64220753063,True,4449.698107181909,False,7853.42144434734,48.0,True
33479.78845613223,True,3538.567679733236,False,8267.061568651097,53.0,True
60206.904541594326,False,4261.5696914205455,False,8411.273899964583,60.0,False
29430.390600859213,True,3399.6048518496955,False,8093.409836494222,51.0,True
34065.847844868484,False,2980.5472959631948,False,7193.467267450817,48.0,True
26466.44299986249,False,2347.132018717935,False,7550.1481544611315,51.0,True
33206.83727714689,True,3662.363426215999,False,7908.884296270211,49.0,True
34441.958248196075,False,3154.3838248939715,False,6790.0870658170115,45.0,False
39739.8469316957,False,2383.6229254468053,False,6567.631633932258,51.0,False
19279.262037411056,False,358.20890756528985,False,7185.475445132856,54.0,True
29398.731011339125,False,2141.6016040410764,False,9331.856979224638,64.0,False
58610.970903915026,False,0.0,False,6979.533595737332,45.0,False
46427.832757716336,False,3556.610447316164,False,6974.670328339743,49.0,False
13377.324070853854,False,-786.6977217908806,False,6799.030378323418,57.0,True
35598.814431876635,False,1498.288639470172,False,5359.688899676557,47.0,False
26891.58449809088,False,686.8081870332787,False,7418.241135050627,60.0,False
46753.20073988546,False,4574.617473914635,False,5662.290771849565,35.0,False
13326.327461115688,False,-301.1551178827645,False,6866.662664478215,53.0,True
28717.862231122785,False,2520.911230536892,False,7822.543129395688,53.0,True
28712.064561143707,True,3358.051048718937,False,7804.298421353879,49.0,True
18316.7422683742,False,918.4325502532934,False,7788.1672986804515,55.0,True
23659.188628782274,False,1419.0446456506354,False,7799.750528281322,55.0,True
68862.13499863986,False,0.0,False,7348.409339125788,50.0,False
29135.21647858253,True,3365.7308447233368,False,8212.68893498583,50.0,False
37499.8349526632,False,2712.00566944782,False,8262.605519883586,58.0,False
39781.00531169216,True,4831.321975126679,False,8982.086780084204,53.0,True
23115.455219960655,False,97.62183023402969,False,7029.752486693543,57.0,True
25665.28071975435,True,4451.612486333197,False,8555.507926248549,44.0,False
25809.6438701625,False,1861.462372905578,False,8142.342741157062,57.0,True
39630.90226914965,False,3514.367117459827,False,6878.299389467297,46.0,False
23272.992784492042,False,1719.1217192316958,False,7345.533169380488,50.0,True
18672.437809305502,True,4474.467244595041,False,8491.223204289929,40.0,False
17523.943333122585,True,1714.4290738828918,False,7405.148610801433,49.0,False
41920.19781276615,False,3683.013780295561,False,6698.101797618081,45.0,False
46811.70643813878,False,4212.350328713103,False,8484.679826477975,55.0,False
25742.394130636632,False,742.269225325339,False,9616.090292959705,72.0,False
44792.68348755767,True,0.0,False,8333.290639505209,43.0,True
45029.93771654262,False,4631.93392472914,False,8068.045031745935,49.0,False
32060.714040517432,True,3659.728916957915,False,8177.993588293231,50.0,True
34076.147679513786,False,3215.0239024575562,False,7916.788684916062,52.0,True
25268.53638982628,False,1952.5014938121963,False,8353.734288047817,57.0,False
30494.79054128812,False,2212.6829808733482,False,7412.50960226731,52.0,True
14879.980417949217,True,4913.707722824705,False,8146.851939416727,33.0,False
18991.192186929078,False,-434.8373190200068,False,6703.303777812215,55.0,True
22838.715512920204,False,2013.3943620658679,False,8488.819062638016,56.0,True
18748.222264496293,False,485.0818083989057,False,6880.016790261907,52.0,True
1881.1870963255872,True,-99.73601886169449,False,7741.325068100723,55.0,False
6285.6942126139575,False,-2579.5090007236827,False,6709.556497903085,61.0,True
32010.51776668801,True,3093.141631173813,False,7705.500995446757,52.0,True
31761.37819664005,False,1972.9424290826687,False,7350.001210324179,55.0,True
17590.808427743064,False,101.77122763772007,False,7082.887234982802,54.0,True
19708.80844922601,False,904.3333153594183,False,7385.573820987115,53.0,True
19824.212716810947,False,155.66775834693257,False,7684.332292476983,59.0,True
22632.320535791783,False,573.0934951129383,False,6977.8615678752185,54.0,True
25766.400386197,False,2308.439181749923,False,7740.097477728242,51.0,True
30181.349458197183,True,3469.4146516706146,False,8069.233280541003,49.0,False
14837.854998442152,False,-1763.812696852488,False,6372.716182834753,57.0,True
48973.50157421845,True,0.0,False,7782.8511749041245,43.0,False
22821.25937455179,True,2638.3282037176104,False,7100.107555824888,44.0,False
45062.38272249328,False,3849.336782170369,False,6449.828028392765,44.0,False
38843.840323392316,True,4318.42702598972,False,8447.508188596934,52.0,True
27992.1302664763,True,3069.014832378373,False,7688.312622507625,48.0,True
4520.477279118921,True,1705.3730190754075,False,7861.445862875145,46.0,False
28750.217460169035,False,1668.0991130065258,False,8109.903024119259,59.0,False
11639.850857741565,True,3938.382329385327,False,7781.67239913625,35.0,False
19765.12832144192,False,412.3061206153444,False,6931.210056159008,53.0,True
37491.10007333894,True,4330.135496016173,False,7597.091097190171,44.0,False
39539.110559695095,False,3736.213308259481,False,7997.1040142086085,51.0,False
8687.016332529907,True,1505.6056398142614,False,7656.309069908114,48.0,False
20865.51961473185,True,4676.654924530998,False,9243.597303024291,44.0,False
30205.8926242058,False,3089.666143865064,False,6870.465859459687,44.0,False
25622.02278817596,False,1276.1153977824679,False,7521.366091488962,55.0,True
7869.261810124854,True,318.9979088257328,False,9157.43352990194,64.0,False
14082.498854797654,True,4994.577739721864,False,8692.73699941827,36.0,False
42071.84746565736,True,0.0,False,7786.976885944182,43.0,False
44429.5995673377,False,3148.43390568514,False,7830.734684575769,56.0,False
28494.438195321833,False,2206.8622315704542,False,7002.718649362409,48.0,True
21033.68145747944,True,2095.68333226308,False,7869.043603952269,52.0,True
31116.705261835654,False,3323.626618607081,False,7054.838061672999,44.0,False
35778.61019053786,False,3465.5820982754785,False,7117.845888610257,47.0,True
15639.544918801259,False,-211.75005265361025,False,7414.772306651314,56.0,True
61111.5017603868,False,3730.369994987263,False,7590.925626781749,59.0,False
5733.939345342343,False,-1888.0355975719656,False,6587.72181062804,55.0,True
19604.42906565989,False,489.2188288167607,False,7026.393225893838,54.0,True
12797.358550211231,True,1910.5950527394214,False,7203.057028347657,45.0,False
23640.982823876908,False,1392.262869481486,False,7516.974979242717,55.0,False
14327.711758533682,False,-1704.3375340149405,False,6474.228180762226,58.0,True
55616.31490399138,False,4095.379814421745,False,7514.333253374385,54.0,False
22393.0667064662,False,1527.9616846586746,False,7318.177547621053,51.0,True
49233.891186911846,False,4660.26452314556,False,6839.242978535287,43.0,False
65935.77633467855,False,3847.623159258293,False,6025.580120587683,51.0,False
25179.743693557943,True,2741.413352911753,False,7012.900053060421,44.0,False
26888.32988541312,False,2286.745229569537,False,7331.408724634547,51.0,True
29176.71894351788,True,4689.821875797355,False,8955.046137333242,50.0,True
27676.85821934543,True,3035.678629142559,False,8039.37032439198,51.0,True
21800.247009591774,True,2132.5390049362227,False,8804.726790043787,57.0,False
11775.209567758291,False,-542.6151642842365,False,7416.368209990501,58.0,True
27473.774825255798,True,2761.210974212724,False,7796.897160178884,51.0,True
1332.0100417396618,True,1979.6976023288696,False,9894.161495585577,55.0,False
8141.452749564814,False,-1233.9751981791221,False,7253.315138561461,58.0,True
25372.06506415404,False,1691.9086580441228,False,8191.2348717310415,58.0,False
25369.62388240365,False,2686.0769738266504,False,7098.907616725425,45.0,False
25966.33864304241,False,2156.1912438514278,False,7641.918547195596,53.0,True
3454.1717403108587,True,1860.4740215431787,False,8309.244645248124,47.0,False
29402.239916295977,False,2703.935162254889,False,8180.525000674733,54.0,True
25018.852660952045,True,3529.707799199317,False,6750.208600841345,38.0,False
4520.007050957329,False,-2559.837378422209,False,7176.1557088736145,62.0,True
36518.69590013489,False,2718.184171721547,False,8296.654380584943,58.0,False
19891.702837947814,False,1552.215747174486,False,7239.282551755913,50.0,True
41088.653180479516,True,4233.409136137602,False,9269.046756834803,57.0,False
20143.96299663655,False,487.73685402020783,False,7075.855425790359,54.0,True
30567.814766541294,False,2459.631207995312,False,7614.020934505614,52.0,True
24383.45134836473,False,2179.4474437773897,False,7862.945430926942,51.0,True
27559.245155567416,False,1536.4526187426745,False,7339.983584474396,54.0,True
34412.63723003976,False,3143.3405979015643,False,7817.704384812317,52.0,True
42711.93023207743,False,3203.1706328006453,False,8463.321268779699,59.0,False
1997.5921778886939,True,1510.4986920915055,False,7839.077353982133,46.0,False
34408.848778166204,True,4198.005060015743,False,7802.2033442389575,45.0,False
27947.92524576937,False,2153.08978425018,False,7724.980837532857,54.0,True
27728.668706575216,False,2606.836511230566,False,7490.771312187637,50.0,True
33758.30445193562,True,4489.611690286873,False,6996.072887149146,38.0,False
30705.088256447165,True,3870.852217201349,False,7885.3702101541885,45.0,False
18399.35378437615,False,432.5809294712153,False,6823.156408900896,52.0,True
25657.928338905673,False,2145.479944736454,False,7748.078555907055,53.0,False
40134.42732197138,False,3690.003781373391,False,7720.253881723482,50.0,False
37755.91952071846,False,2917.309009462173,False,7029.939961273671,49.0,False
38622.820304805085,False,3443.65386569198,False,7356.947179890655,50.0,True
27620.172786842628,False,1914.258867057356,False,7706.779336282723,53.0,True
26831.338254238846,True,2746.358589732901,False,7173.840643996147,47.0,True
25659.91114441342,False,1324.94397349,False,7377.7905580794995,54.0,True
5125.3432215986495,True,-92.16232693625416,False,8936.883967446032,63.0,False
3792.3273544053163,True,1257.400276586456,False,8528.036305933078,52.0,False
33195.23002498263,False,3211.720984671305,False,7611.217352426492,49.0,False
13427.071352397517,False,-1822.0965315800229,False,5949.743408208847,55.0,True
28031.01177594627,False,895.7844509848885,False,7278.4961096048655,57.0,True
35123.63117339514,True,4886.801220849405,False,8993.850661772152,51.0,True
32750.716629286442,False,2817.507411479151,False,7760.485210535686,52.0,False
19965.18492699107,False,1054.3609661315786,False,7659.183029170564,55.0,True
27588.529313449435,False,612.602011369852,False,6390.614641677335,52.0,True
41508.75141606976,False,2626.304414656192,False,6746.6154100054155,51.0,False
41751.76075635095,True,0.0,False,8396.015302205384,44.0,True
26040.621836134098,False,2109.069298315437,False,7595.92267480945,51.0,True
44879.80359867565,False,4759.561777921126,False,7669.716582993349,45.0,False
40005.738455174724,False,2842.780788478873,False,7288.512083259513,52.0,False
13711.214863336967,False,-688.7221097126459,False,7714.9809262456265,59.0,True
22867.279246484388,True,2527.18136418734,False,8265.95189402775,53.0,True
29503.825944081982,True,3201.593070833511,False,7921.904786375925,51.0,True
30291.686217128037,False,2983.7447858346154,False,7440.267930199046,49.0,True
55577.102200169094,False,3886.9948080210133,False,6520.342860642039,49.0,False
35741.55887226826,True,4756.5337481134475,False,8373.365190414714,46.0,False
27017.903673019984,False,-92.63167426285969,False,6581.460058581743,58.0,True
38543.487160051816,False,2271.815235409111,False,7186.4571677666245,54.0,False
41056.78644673322,True,0.0,False,7693.0944109753,40.0,True
32711.22798864981,False,1088.534920274676,False,7315.679187014366,58.0,True
43962.19763800701,True,0.0,False,8881.480504239891,41.0,True
26892.84696933949,False,2210.3113627033704,False,7585.215130298919,53.0,True
25274.639920461566,False,1240.7053037394874,False,7932.575885169377,58.0,True
13100.960579807634,False,-369.17272616935736,False,7401.494297239965,60.0,False
42419.08309662485,False,3141.2073636595164,False,7210.876028160946,51.0,False
36145.72200630245,True,0.0,False,7834.269751114979,42.0,True
20315.594844437943,False,494.40405596846347,False,7553.553232992128,57.0,True
19029.18446752381,False,174.49812462415082,False,7931.055065793044,60.0,True
47031.627273762024,True,0.0,False,9025.645433550168,42.0,True
20090.716728564963,False,1341.8906076049045,False,7777.195942198219,53.0,True
25990.08631410006,True,2730.696243133284,False,7705.208537357928,49.0,True
22375.345090011382,False,1388.0501850118778,False,8317.268395091642,57.0,True
35363.3275436221,True,4131.152408865246,False,8330.908183423353,51.0,True
4147.496214750538,True,-620.2780784033059,False,7779.478933560117,55.0,False
40007.08305157464,True,4933.705659440343,False,8135.475405277592,45.0,False
19285.186113170614,True,2680.716933514773,False,8140.685570383031,49.0,False
28647.8036823752,True,3090.394146556854,False,8706.105755780654,56.0,True
24037.986535839435,False,1019.4933268025474,False,7928.551109078709,57.0,True
57729.30462295823,False,4519.272717127356,False,6718.874043417379,47.0,False
12798.775959233288,False,-587.9966291398717,False,6610.667478803153,53.0,True
27169.50156053636,False,1277.9136867923553,False,7400.509960166053,57.0,True
15551.258664356435,False,-797.0108253060406,False,7158.405801670791,59.0,True
10402.481761150257,True,1083.5923433871699,False,8541.105014586028,57.0,False
37958.60839955479,True,4018.1250687846587,False,7862.310604136587,50.0,True
41387.83459342154,True,4922.871507042878,False,6279.561841439345,34.0,False
16073.382768933909,True,3162.1944914196442,False,9235.485337787914,51.0,False
16798.4114795161,False,-597.2866696864703,False,7804.262443479864,62.0,True
18413.01735948441,True,1797.9775239895282,False,8673.149246704774,56.0,True
32463.99592505495,False,2693.2907992362066,False,7178.264916399641,50.0,True
9061.044660841353,True,1237.2234656356027,False,7682.380032049077,50.0,False
45109.37902145133,False,0.0,False,6492.095736604745,37.0,False
50489.46730281848,False,4542.515224082732,False,7422.480562242484,48.0,False
16063.880500958792,False,-1238.6677808446045,False,6702.701000637049,57.0,True
17757.635742792765,False,-570.5670979848936,False,7084.931358615454,59.0,True
53525.66864320137,False,4716.975224810099,False,6387.768882413197,42.0,False
37079.28350050824,False,1670.0716417886429,False,7860.196157489188,61.0,False
36190.746500822184,False,3708.0971143961324,False,8046.4929851206725,50.0,False
27542.57585387249,True,2789.878552532912,False,8270.998333490581,54.0,True
41395.25584643363,True,0.0,False,8187.988745686781,46.0,True
11248.11229906197,False,-1695.8940969264038,False,6469.252699091968,57.0,True
33579.68450692674,False,3294.876061177088,False,7902.360891129535,50.0,False
32814.492791368364,True,4143.845139379896,False,8171.644330260437,47.0,True
14231.348227928524,False,-1206.1409075457684,False,6456.75845726463,56.0,True
43487.720338318686,False,3898.0167908297444,False,8996.668502495562,58.0,False
17495.609690366433,False,466.75680511171385,False,6907.757249185791,54.0,False
32444.03007812397,True,3550.436869528376,False,8661.792817193293,54.0,True
25733.823781618168,False,1610.2625428462813,False,7755.859608411216,56.0,True
29664.352388391664,True,3212.988156463054,False,7235.6272607931205,45.0,False
12707.562757095242,False,-1661.546556553418,False,6296.074367496198,56.0,True
23061.340130035765,False,987.9043902022183,False,7108.1658589542885,54.0,True
13707.189408646978,True,3244.9867831951924,False,8641.067106110639,46.0,False
25342.532841465152,False,1051.540751719314,False,7617.509628750742,57.0,True
27141.48451609876,True,2853.010636554043,False,7862.9183300313525,50.0,False
34276.49978517388,False,195.6823080944625,False,8313.329172444128,72.0,False
23483.8117496178,True,3308.7605471140087,False,6904.0276597780385,39.0,False
67658.08868246082,False,0.0,False,8245.806825306592,52.0,False
28893.261396347563,True,2867.1818075178835,False,8252.435689024316,54.0,True
42642.98670773313,True,4931.344281169023,False,8130.409013880728,49.0,True
50971.59173647191,False,4208.6624917824965,False,6881.293407562256,47.0,False
36275.01857104831,True,4224.0859402542965,False,8020.032581158418,50.0,True
43691.65643806859,True,0.0,False,8706.632761648689,49.0,True
39584.132940322015,False,1833.0606025500697,False,8266.829210128002,64.0,False
20854.46076434377,False,728.7688597573883,False,8572.765575457846,64.0,False
30653.822564179212,True,3881.849198495259,False,9005.068190693419,54.0,True
14914.677044937285,True,1286.8346210792406,False,8325.205986351097,56.0,False
17587.390083569124,True,1861.8284266165347,False,7409.411880415409,48.0,False
56101.062677661444,True,0.0,False,9906.095072760878,51.0,False
54683.310723429335,False,4681.314332931367,False,6588.597108674482,44.0,False
20485.2411548735,False,1143.6165212637159,False,5681.392293105053,44.0,False
34263.77431408444,False,1993.8115579600312,False,7456.818764968842,56.0,False
28893.09889616023,True,3451.030625095005,False,6089.377947670265,36.0,False
34608.48863846918,False,3269.5870175884706,False,7850.727643219779,52.0,True
24114.918481125747,False,959.0394573155722,False,6631.483066808482,51.0,True
21521.574092758514,False,-152.09490645055678,False,6624.237585185002,55.0,True
42753.41274033951,True,0.0,False,8576.235042224325,52.0,True
35127.96447334896,False,2777.3040272793073,False,8513.436355389897,58.0,False
24208.365356695507,True,3080.675911137086,False,9030.487072537922,54.0,False
31709.816521433553,True,3955.313254618873,False,8546.498341498462,51.0,True
28602.98007613795,True,3991.5170885355637,False,8528.768868577614,50.0,True
26979.054395560957,False,2001.414218608568,False,7677.975186846465,51.0,True
13723.000428560528,True,2043.7685861261955,False,8319.158479754517,51.0,False
12834.059974043788,False,917.8821804067261,False,7700.539368691991,54.0,False
22835.171655779588,False,1283.0230445579068,False,8124.141304424987,57.0,True
497.2747558969859,True,2575.817103871447,False,8580.754511485258,43.0,False
26480.827328240357,False,813.3736641940005,False,7078.7607696857385,56.0,True
11407.290516997513,True,2912.799343122264,False,6994.412127785773,37.0,False
41304.45721689058,True,0.0,False,8173.072413460459,49.0,True
47201.758877241504,False,4271.726878862221,False,7930.135502119542,51.0,False
18339.37171019401,False,-221.48094283904297,False,7727.670456299391,61.0,True
21578.328024441547,False,360.92086808360114,False,7196.163407980773,56.0,True
33678.69403076336,True,3246.337325703781,False,7510.1307849783,50.0,True
35788.63366295609,True,4607.347882705185,False,8236.158384398848,48.0,True
51096.320109960565,False,0.0,False,6852.955898743934,39.0,False
38553.83923598672,False,2599.3777226561247,False,7815.456753913792,56.0,False
56626.08213774889,False,4992.5945978146365,False,6724.512554498841,44.0,False
64723.730195944525,False,4001.360493262547,False,5876.423655162525,48.0,False
13060.95218676655,False,-1176.1610700866904,False,6880.302998451208,57.0,True
20553.021619901454,False,1350.021111598347,False,7463.1170454333815,53.0,False
41494.18264437129,True,0.0,False,9901.431020982065,47.0,True
36679.46233310917,False,2197.125834674355,False,8581.297502104617,62.0,False
13382.360792422234,False,-923.9280046733768,False,7363.97528509805,58.0,True
14184.8629460057,True,3314.6257494017937,False,8140.941045352289,43.0,False
24940.717795760567,False,2115.4025271190358,False,7619.685251390508,51.0,True
26888.18455236633,True,2661.438201014845,False,7745.582973247168,51.0,True
31934.366146749184,True,3871.2109898594317,False,7853.1472437471175,46.0,False
13264.12063978293,False,-651.2682048099467,False,6892.870404534805,56.0,True
29310.755255531483,False,2101.8780132995707,False,7162.687511244923,50.0,True
31347.595103497777,True,4038.7280193390175,False,8999.840809086609,53.0,True
35234.66348514841,True,3934.3806768257145,False,8183.266776267937,52.0,True
41560.04067807755,True,0.0,False,8501.88287516509,48.0,True
51254.294434584226,False,4762.522031017665,False,7945.677162688279,50.0,False
33370.98082132649,True,0.0,False,8851.127845708781,48.0,True
10827.694689337171,True,1967.657349540524,False,7167.839245947963,43.0,False
3947.0282952406733,False,-2685.25698971493,False,6755.303053829211,59.0,True
42988.6740051158,False,3013.2692032731024,False,7434.9486453652125,54.0,False
23110.741693784123,False,1905.7950818455624,False,7883.124519355531,52.0,True
42570.185265415086,True,0.0,False,7928.807874289569,44.0,False
23066.86942882763,True,3161.125152051247,False,7157.356859410883,42.0,False
46904.55144951887,False,3419.8699690911076,False,7520.4573370289245,54.0,False
40542.21311340482,True,0.0,False,8580.71509311232,49.0,True
16569.54565850327,False,-420.96748099719946,False,6528.4119181172155,52.0,True
2401.1485264500093,False,-2247.075305125028,False,6797.110280474514,57.0,True
22008.452130922375,False,2058.445414709972,False,7591.490367938706,50.0,False
16059.10868032101,True,1482.8647976524142,False,7942.242987403709,53.0,False
41777.82868956101,True,0.0,False,7586.571331213028,44.0,True
35608.81035965174,True,0.0,False,8448.287997841002,45.0,True
38254.23446736309,False,2586.9287872515197,False,6995.662947005028,51.0,False
19523.846371073498,False,755.1926807648787,False,7000.200295311925,52.0,True
26711.29506285992,False,2442.1671168655453,False,7933.615255157439,52.0,True
12091.82576076462,True,3032.7369546211376,False,8746.005065226953,47.0,False
13246.142836680758,False,882.8085796961078,False,6728.764055069046,48.0,False
25175.917641930417,False,1818.988246569185,False,7972.422069060343,55.0,True
40851.591389205576,False,2025.1297573080465,False,7490.070789711211,59.0,False
24610.90001282019,True,2249.6157123645244,False,8619.960930533325,57.0,False
24693.74896444196,False,2259.3581268590656,False,7997.544927282534,53.0,False
28820.86772077213,True,3263.657928548289,False,8648.440153273996,53.0,False
40125.12454638007,True,0.0,False,8212.51929053383,39.0,False
37287.09761753633,False,3674.012283023567,False,7329.533679197427,46.0,False
35980.3786707716,True,3854.5305643989705,False,8153.402767272867,53.0,True
19345.53564428968,False,436.3033447307698,False,7101.616109393047,54.0,True
41373.97349000962,True,0.0,False,7372.1755147986105,38.0,False
32837.19345939674,False,3104.265858079535,False,7745.172898043987,51.0,True
39959.111116860026,False,2689.621597352536,False,8200.609396708913,59.0,False
31421.85429604765,False,854.0166695555298,False,6729.6119905764845,57.0,False
24825.481140127118,True,2422.443069675343,False,7953.723496266584,52.0,True
16726.095476688955,True,3932.013480061095,False,8629.777559325887,43.0,False
31384.86419148101,False,2431.410628840897,False,8360.961101821986,57.0,False
19966.959595124117,False,302.00877555203135,False,6763.084154530588,54.0,True
32390.101590767743,True,4400.668130815202,False,8630.94174923973,50.0,True
31625.712555843584,True,4543.847852263764,False,8308.3116347556,44.0,False
46706.43879987538,True,0.0,False,9394.406186546408,49.0,True
39352.96758749358,True,0.0,False,7437.772231800705,43.0,True
33987.84723885371,True,3669.568498774922,False,7745.849868629622,50.0,True
69901.3990685793,False,4216.665024549869,False,6598.739498150422,54.0,False
43617.33814694339,True,0.0,False,8337.993791282423,44.0,False
22895.254377352816,True,3007.8893750054494,False,6614.7861166855655,39.0,False
55103.75726529883,True,0.0,False,8060.604978668808,42.0,False
39671.802191266506,True,0.0,False,8526.571509489719,46.0,True
34702.203017142165,True,4457.9543346166365,False,8246.798259247998,48.0,True
23056.68223477656,False,2054.4395013453172,False,8084.9431639468,53.0,True
28723.676534402017,False,3014.62569791052,False,7186.23256369362,45.0,False
37200.77852596653,False,2896.8872585405047,False,7971.455222397108,55.0,False
38689.45775786054,False,2564.0812023232393,False,7788.559776286121,56.0,False
50877.293138168694,False,1798.5872100674092,False,7328.681424331947,64.0,False
33468.94713451863,True,3828.4236520971635,False,7544.960603555302,48.0,True
48337.94958491484,False,0.0,False,6887.837510115379,41.0,False
29419.9226269927,False,1677.3583712283005,False,8182.957315664656,60.0,False
18707.618527452265,False,778.7327335630945,False,7771.502768669186,56.0,True
24786.525353211906,False,1336.3771723177906,False,8550.853809738299,62.0,False
25479.674224532642,True,2753.5844124677,False,7894.125795917256,50.0,False
15136.773677913081,False,503.80712637107325,False,7614.181212784479,56.0,True
27158.3477442912,False,2017.7462319442416,False,7003.3362779872705,50.0,False
10157.840635682109,True,2462.758333377209,False,7337.244370270813,41.0,False
25017.69481209741,False,1546.0894955038318,False,7504.8454934318615,54.0,True
52012.19122930145,False,0.0,False,6956.645213479869,42.0,False
27551.40164073614,False,1478.32793254616,False,7337.682251029579,55.0,True
25864.723364507536,False,1401.2380748972796,False,7151.736782353563,53.0,True
14446.46755381854,True,3787.7223696345172,False,9893.386151265113,51.0,False
34595.36267190154,False,3372.507819391633,False,7324.08036130333,48.0,True
33559.548530061744,False,2223.1011649218376,False,7622.0477253055315,55.0,False
36832.52281641551,True,3835.55173199678,False,8453.945416032266,52.0,False
17336.60352245217,True,2493.7266247897264,False,7202.766176155963,43.0,False
37475.20572008493,False,3705.988155837815,False,8025.545771065977,50.0,False
30423.599963640543,True,4723.099818475205,False,8464.650149890791,44.0,False
50783.413925096815,False,4705.343784397249,False,7015.119245640857,45.0,False
57468.6179197046,False,0.0,False,5927.33716057448,32.0,False
34720.511052375754,True,4147.184922742556,False,6361.430449183496,36.0,False
47106.50652011628,True,0.0,False,9004.249811090696,52.0,True
28374.4854960448,True,4298.3275732636075,False,8480.776703408032,45.0,False
29008.899507253507,False,2127.9289817974645,False,7056.929512597929,50.0,False
35673.91372058666,True,4407.382076578075,False,8258.863464448534,49.0,True
17366.673199449357,False,-565.8363290449392,False,7065.943126188576,57.0,True
22915.667498056966,True,4231.393897413962,False,9156.315891589078,47.0,False
12432.22497625087,True,2287.8002435957087,False,7819.293384600922,46.0,False
25120.407393013487,False,1484.039015663965,False,7427.4383713308935,55.0,True
24876.29948511227,False,1913.6134415060699,False,8074.270404699552,56.0,False
20655.973783644968,True,2461.278893842698,False,8881.840661728053,55.0,False
16387.117931873785,True,4022.7001396633455,False,7985.114632914675,38.0,False
28833.562430801278,False,2739.296225776718,False,7613.661338846899,50.0,True
12510.204745857993,False,182.40146942948644,False,7167.691346403272,53.0,True
28840.278008443922,False,2215.466151182976,False,7474.402773635154,51.0,True
48703.923204453145,True,0.0,False,9027.340705383496,46.0,True
16864.460671272882,False,-127.48412542797682,False,6597.271406361007,53.0,True
55382.26660856719,True,0.0,False,9750.012526671368,45.0,True
42861.17019561187,False,1000.3049221865036,False,6996.083552674795,63.0,False
40633.720875947765,False,2688.774819637024,False,5954.814666504319,45.0,False
30742.372560555355,True,4424.869390353567,False,8379.327804980143,48.0,True
34767.488783581946,False,2900.764798169884,False,8562.701864248964,57.0,False
21924.15435901358,False,1548.627250526185,False,7601.661322790423,53.0,True
26563.92744948249,False,2484.685147815606,False,7429.687496464675,49.0,True
15792.264876688276,True,2937.3713387088646,False,9926.450253258665,58.0,True
28172.580232566797,True,4172.5568957083115,False,7720.060611218745,41.0,False
35438.32370761439,False,2711.825279683651,False,7148.40351840118,51.0,True
26056.539382653857,False,1598.0709210223251,False,7168.258987438405,52.0,True
10801.81467476383,True,3753.913506718646,False,8709.447413104728,42.0,False
30633.579816861104,True,3867.684184490567,False,8839.369412558604,55.0,True
22865.29115428859,False,1626.6811131741877,False,7776.226756976959,55.0,True
10245.784655356762,True,4036.1978857577546,False,9093.963418698415,42.0,False
46141.56128430407,True,0.0,False,8179.445922590846,46.0,True
35995.435495249265,True,0.0,False,9679.116865592343,46.0,True
41364.963369261066,True,0.0,False,7747.9184971618215,41.0,True
25534.411141381268,True,3326.1006335440557,False,8297.45856937734,49.0,True
29771.41756312158,True,4118.392858986889,False,7536.258868782151,41.0,False
64271.005117477296,False,2886.127775197373,False,6411.816374904112,58.0,False
21603.45760143795,False,1499.9021041516735,False,7712.481310086975,53.0,True
44485.203527987156,False,2477.8964298772808,False,6927.653297896081,54.0,False
12524.74553595471,False,-2198.1192568893694,False,6496.32740131321,59.0,True
40342.675415216254,True,0.0,False,8076.979564524335,45.0,True
33259.721684083765,False,1107.8648383398236,False,8832.762089047066,69.0,False
42264.920894498835,False,3329.27933494813,False,6523.5877159177235,46.0,False
22586.43510016665,False,1495.5550880801798,False,6876.464162571607,50.0,False
18466.00748342797,False,762.9436896531904,False,7735.209787585962,55.0,True
42299.803567504714,False,4028.4004974931513,False,6653.7198148858115,43.0,False
42476.52812864085,True,0.0,False,8813.306459458501,46.0,True
59615.152298626956,False,0.0,False,7420.290519644236,47.0,False
33552.79182440701,True,3705.546385279081,False,8213.308046990296,52.0,True
20953.20355870924,False,1432.5852887149642,False,8140.7564221051625,56.0,True
42620.03900525645,False,3663.012677206025,False,8014.114428113114,53.0,False
33496.793169170734,True,4124.59132563932,False,8613.30882252396,52.0,False
48469.583274638426,True,0.0,False,9109.730564605423,46.0,True
32623.97892672321,True,3500.4914578589824,False,7464.312784575416,46.0,False
17252.906643997896,False,1325.1216371002804,False,7115.422269827304,48.0,True
30073.912433680987,False,2476.375883234883,False,8830.649540970258,59.0,False
50975.42315613412,False,4678.307677643858,False,6403.070208713488,41.0,False
20708.67992206567,False,197.34033950458007,False,7372.749326528416,57.0,True
32707.442188745372,False,2178.2538450710863,False,7448.7240058782545,54.0,False
48369.074410560446,False,4158.367041572327,False,6779.217283931038,45.0,False
33808.431785683075,True,3974.421771269276,False,7437.937681952745,44.0,False
23381.741514938247,False,1242.0226232413595,False,7421.10566300639,54.0,True
48093.44002817279,False,3269.188315741929,False,8521.583911076808,61.0,False
33777.133755196286,False,3151.9260479486907,False,7785.647427627929,52.0,True
50471.767855850056,False,3419.60200659005,False,6642.904218934134,50.0,False
57405.579413161926,True,0.0,False,9091.03851753693,44.0,True
45498.79203959719,True,0.0,False,8420.865593357144,46.0,True
18869.57599317573,False,-825.5624609561542,False,7282.580589348453,61.0,True
3242.427202887597,True,2456.0451472716377,False,8541.827474546893,45.0,False
10765.209109214782,True,2526.1561645404954,False,8791.780963273784,50.0,False
33106.7692906633,True,4789.988656557529,False,8173.620872347471,43.0,False
29293.183530288472,False,1590.5607605516666,False,6931.567932200955,52.0,True
19525.320604750057,False,-444.43850841887314,False,5990.556811953319,51.0,True
49937.497308732636,False,4178.579026794919,False,7175.177887436845,48.0,False
24621.019830898153,True,3965.779931114248,False,7163.6021152850635,38.0,False
20180.3515153756,True,3459.134869976064,False,8115.355011623752,44.0,False
28733.843828690307,False,1515.5907346505512,False,7050.111035824993,55.0,True
11842.582518462166,False,-1020.017896980411,False,7356.135795108712,59.0,True
23294.446904146258,False,1127.5975782288174,False,7824.607836677688,57.0,True
27894.01113450394,True,2650.322435573789,False,8530.306649177504,55.0,False
21239.550548597093,True,2146.098587795444,False,8294.279189174824,53.0,True
14006.535831602143,False,608.9962236058617,False,8952.036458018467,64.0,False
34890.67795725165,True,3803.963839138296,False,7888.073210389904,50.0,True
11594.820371378892,False,-1178.8012738054986,False,6972.146411425532,57.0,True
36608.44521193616,True,0.0,False,8501.320012894075,46.0,True
53848.10283757124,False,0.0,False,7425.286104553557,42.0,False
38185.53829616848,True,4735.050636695832,False,8279.95433517782,49.0,True
33756.218584107606,False,3163.084577738532,False,7625.460822027133,50.0,False
39734.83322704186,False,3652.903252891903,False,7694.821972347771,50.0,False
32682.064727527948,False,1683.1273244828385,False,6670.328109792215,52.0,False
21254.125159639043,False,892.1051535745315,False,7051.569039661938,52.0,True
27687.356360002166,False,2259.3210705302763,False,7774.5206468669385,54.0,True
22883.996115682257,False,996.4673721725154,False,7694.180358329922,55.0,True
38369.01947592318,False,2925.653292553568,False,7239.349255262308,51.0,False
45120.59526253623,True,0.0,False,9518.641504889743,47.0,True
15269.659622433666,True,2373.2525936953425,False,7729.6204160222205,46.0,False
44335.435614195936,True,0.0,False,7622.607689266149,39.0,False
14038.173744848697,True,2131.859242922952,False,8432.136944714746,51.0,False
6894.906931361149,False,-2805.671304766047,False,6173.687852305413,59.0,True
28819.752816067798,False,-196.51494680172647,False,6395.760198140729,57.0,True
17944.390718858533,True,3003.149937149509,False,9366.245310120308,54.0,False
42027.58662664459,True,0.0,False,9011.702199748985,43.0,True
31429.946132229496,True,4211.787342275378,False,8218.628218899743,46.0,False
57858.07022275245,False,0.0,False,7006.264090516371,44.0,False
49039.062336517665,False,4335.2788825985535,False,7741.668066121803,50.0,False
32790.57859043233,True,3338.686511432641,False,8964.40846411102,56.0,False
43210.11023824248,True,0.0,False,9212.099510884094,50.0,True
62596.00872884107,False,3320.2018213563942,False,8207.263080730445,66.0,False
28820.87079451552,True,3256.6383678339002,False,7208.527741726783,44.0,False
20891.423494116032,False,496.3651157882354,False,7256.874139270344,54.0,True
31687.65774127018,True,3112.264681603391,False,8260.163252770193,53.0,True
30564.852499417506,True,3598.5724492214586,False,8099.159357502888,49.0,True
32947.47496188042,False,3334.7817525792357,False,7302.628589680352,46.0,False
18975.3909845926,False,1146.9942771085487,False,7965.399872209568,56.0,True
44817.214239551155,False,3600.9471209826597,False,7381.717808665884,51.0,False
55158.489305586416,False,2504.499233426997,False,5950.577552423795,53.0,False
28917.71033686581,False,2246.5038612860176,False,7456.798409241556,52.0,False
40481.20438003662,True,4531.146883626348,False,8295.26340998613,50.0,True
36960.12550113649,True,4929.256768811159,False,8319.770625398372,47.0,True
28779.93178457332,True,3907.9061770481812,False,8625.209649285194,49.0,False
38253.47019723683,True,0.0,False,8292.939732566836,45.0,True
31402.3573317879,False,2655.301456062577,False,7058.349808512146,48.0,True
13592.144630627912,True,2927.9870477354225,False,8719.528775192206,48.0,False
19082.25938208525,False,641.6652448536689,False,6790.399397158282,50.0,True
33397.43297416021,True,4314.989663333484,False,8324.259103104921,49.0,True
44517.44323621034,True,0.0,False,8549.115388009717,48.0,True
32626.190706002613,False,2152.2980112888245,False,8283.412313953131,59.0,False
52665.40932285187,False,3761.406632148815,False,7305.485974432844,53.0,False
33359.95890385692,False,3155.960607618283,False,6975.374921523127,45.0,False
12339.28283818382,False,-2192.283966723512,False,6020.582442850425,57.0,True
40353.16831514638,True,0.0,False,8990.412625203739,49.0,True
3134.2250181256536,True,340.03201749385295,False,8677.39734407542,55.0,False
30341.975666000417,False,2122.7714759318005,False,7147.915249135039,50.0,True
26544.125420421442,True,3171.120645241226,False,8137.15085564948,49.0,False
17684.5695253064,False,568.1413836109424,False,7531.747662548959,55.0,True
39936.84185841555,False,3257.273006924237,False,6953.044765415776,48.0,False
36399.06826044374,False,3035.8257475919536,False,8128.668880558935,55.0,False
38338.72676043734,True,0.0,False,8674.336298609738,47.0,True
36488.3385833363,True,4820.46756143052,False,8547.325469388077,49.0,True
15932.406917265747,True,3757.7436889290084,False,9371.953520253466,48.0,False
36140.49441107748,False,3567.082800063075,False,7718.045664848839,49.0,False
27566.62493914941,False,1955.4858080891586,False,8214.978351500335,57.0,True
36127.05078167092,False,3665.2172082840166,False,7581.505461928092,48.0,True
34939.334363676295,True,4858.0491099288265,False,7918.114423872854,45.0,True
13580.354291098527,True,3300.251906769229,False,8749.13553364232,46.0,False
27254.55492645565,True,4384.754836687618,False,8549.982875554335,48.0,True
32485.9678928638,True,3557.3993824550203,False,8537.701008383281,52.0,False
27335.106321258638,True,4488.403090714076,False,8689.978640611504,48.0,True
29430.101913859784,False,2812.737485969163,False,7117.681516590844,46.0,False
55824.542131195216,False,3876.4904102600926,False,7434.482149815941,55.0,False
13697.966787782005,False,-529.6746206654622,False,7831.794030185674,61.0,True
14259.174437697837,False,-2041.4734982890714,False,6188.7630991546275,58.0,True
17048.04723704816,False,439.0250310026751,False,8152.023711730436,59.0,True
35438.513446848156,True,4325.957702811045,False,8585.235554486104,53.0,True
4999.6884263991415,True,2179.0280764979507,False,9336.617115991758,48.0,False
13414.175110421367,False,-789.7695610106488,False,6801.484887531518,55.0,True
41639.01808983701,True,0.0,False,8538.493312965651,45.0,True
34264.993674299854,False,3287.0795921994127,False,7397.3692587999485,48.0,True
33338.31128977312,False,2794.5278002134924,False,7218.39653034868,49.0,True
47442.974314183986,False,2798.330197699658,False,7163.922011645026,55.0,False
37984.14376580115,False,3061.7758808548137,False,6621.884791997227,46.0,False
36535.28197696565,True,3858.49341428361,False,8241.462798482775,50.0,False
15827.957907044956,False,893.6416634072226,False,7361.739272694486,50.0,True
41568.73283002551,True,0.0,False,8862.816563887534,51.0,True
13056.862795285866,False,-1267.2004948475196,False,6172.1617818410705,53.0,True
41919.17113372686,True,0.0,False,8508.759439783567,44.0,True
16728.60878917738,False,1262.2930929121146,False,7553.040914569131,52.0,False
33713.927843311605,False,2718.262212840186,False,7119.338488361388,49.0,False
34013.165455950955,False,2704.867000417365,False,7790.280254758913,53.0,False
15051.204964866643,False,-229.57662997326088,False,7078.524085321355,55.0,True
20262.87374508708,False,556.3301086496941,False,7013.83987592626,54.0,True
43611.44545580904,False,4103.48221484321,False,7466.0189856107945,48.0,False
28431.27360829548,True,4931.723743045486,False,7671.768500965948,37.0,False
20627.848585823423,False,628.7941172797117,False,7589.816865010473,54.0,True
36583.22729416251,True,4291.227071951679,False,7243.716187592467,42.0,False
43195.77025135036,False,2854.9257685001894,False,5739.581744956686,44.0,False
15979.185934877525,False,1299.2485649854825,False,7493.895135523469,52.0,False
31520.601500610723,True,4015.132937678901,False,7675.044908157889,44.0,False
18712.145671269267,True,2057.9514413481797,False,7450.367505020257,48.0,False
22480.422000209044,False,406.37400214337083,False,7550.599051160587,58.0,True
33400.632131068196,True,3247.0834354492113,False,8544.989755537083,56.0,True
36869.598423915886,False,1632.8172328462713,False,6753.587898115788,55.0,False
23267.946146829494,False,1529.464056426127,False,7253.435164437837,52.0,True
15861.110217843314,False,407.4895536057497,False,7640.477402317377,57.0,True
9635.8636653201,True,1577.1471603297541,False,8003.550770622649,50.0,False
18820.127379342517,True,3052.432010828938,False,8000.116423364902,45.0,False
58395.53000948684,False,4523.767926143565,False,7119.520543375538,50.0,False
19300.280778225548,False,414.9967610762442,False,7443.54651036024,55.0,True
22553.404186952557,False,1559.0233520685254,False,8057.560203101627,55.0,True
13668.080289231702,False,-2283.491053645869,True,6045.399313142285,56.0,True
41655.02046121151,True,0.0,False,8108.915200064894,45.0,True
36300.37208525699,True,4917.762541203164,False,9215.973573833578,52.0,True
26101.03485894416,False,482.7031623302069,False,5655.334766830953,49.0,True
32220.352848450693,True,3566.3743607802535,False,7144.315155331568,43.0,False
38631.50633273695,False,3499.5385729827804,False,8178.581064047536,53.0,False
35484.469554984345,False,2365.1687046666448,False,7448.152356406169,54.0,False
32684.584642311842,False,123.65942315136236,False,8200.215935790733,71.0,False
18877.739592785358,True,2265.6697610712445,False,8498.684933144057,53.0,False
11630.67255986402,False,-557.6135652179479,False,7521.140321596702,57.0,True
18565.42080887742,False,1159.4671707359985,False,7736.882712778001,55.0,True
41531.9316930444,False,3764.910055959013,False,7865.602878943518,51.0,False
26070.64719239208,False,773.9205870809527,False,6572.256771603693,53.0,True
26488.032276473907,False,2048.880535007328,False,8507.680115772344,58.0,True
40642.13153289275,False,2971.623279889656,False,7706.226479973862,54.0,False
41162.50388085212,False,3358.5377411551885,False,6605.699553488379,46.0,False
20172.54982365954,False,744.436713351027,False,7794.563051964587,58.0,True
25233.747564973197,False,1589.1341813748122,False,6866.199173525123,50.0,True
27410.131516222715,True,3096.478451725337,False,8104.765538403335,52.0,True
45477.900194844064,False,4056.467720254096,False,8112.211046469207,53.0,False
41928.989469610286,True,0.0,False,8732.335786454632,49.0,False
15480.830013895968,False,-286.5483613743742,False,7570.304367267345,59.0,True
41377.04471350149,True,0.0,False,8704.508080853499,49.0,True
2802.7829645525953,False,-3149.572974382384,False,7131.512191409404,64.0,True
36252.41824533064,False,3582.3524544856787,False,7728.672084677143,49.0,False
40414.6169313135,True,4182.719474644655,False,8588.518311236996,52.0,False
29572.666016323637,True,3479.7223478618907,False,8588.18989364479,53.0,True
32927.82990019529,True,3559.1223047156554,False,7846.192633915772,51.0,True
38380.51002579559,False,2753.876450510848,False,7638.977874882597,54.0,False
21810.806807076144,True,3366.696899876034,False,8206.457413495415,48.0,True
32973.317681120985,True,3449.3831919271743,False,7365.419206049378,49.0,True
19703.973916794825,False,271.98037301051147,False,7478.79195026164,57.0,True
36833.088153920915,True,0.0,False,6226.564922099986,27.0,False
24331.37764247542,True,2495.5636037358217,False,8066.0878113534545,53.0,True
17259.516456212714,True,2134.9382636378964,False,8926.225393363886,55.0,True
21429.16415727356,False,585.0884960187019,False,7461.335018657325,56.0,True
45219.96637631919,False,3687.994047786086,False,7767.13862383923,53.0,False
10991.487361633615,True,2920.2170715600114,False,7752.087066387566,41.0,False
49251.61712168583,False,4350.243914066454,False,7223.708568502378,47.0,False
22259.112558887475,False,1370.6719315923085,False,7349.601603053545,52.0,True
10520.849599335483,False,-1500.2614746590784,False,6778.611904000168,58.0,True
26302.38515387381,True,2688.534540589877,False,7679.427661701204,49.0,False
2528.168159065012,True,2372.572628931909,False,9436.049914058376,51.0,False
13331.154483449103,False,112.79056777298456,False,7935.90582861559,59.0,True
35583.09559855585,False,2166.272145056229,False,6696.5243237596,51.0,False
51861.32369524847,False,0.0,False,6958.539302347345,39.0,False
2566.646844492681,True,-459.7839625525677,False,7921.924543670273,56.0,False
26223.617656444854,False,935.5907543242056,False,7948.33459567799,61.0,False
19652.98220004989,True,2760.4716791895867,False,8033.2018945389345,48.0,False
37051.21581853745,False,3309.980677283741,False,7882.76797178865,52.0,False
22183.549903814186,True,2819.4890289597197,False,9170.022489417288,56.0,False
20894.050804568924,False,1043.799669124771,False,7010.75595869161,51.0,True
45799.551364324034,True,0.0,False,8522.061002127066,40.0,False
31631.428957523985,False,2005.6565061837325,False,7069.393992387152,52.0,False
25631.76717177103,False,1866.3792877892436,False,8051.2151725359445,56.0,True
35419.920213894715,True,3758.4129769360693,False,8004.963122935155,51.0,True
25986.871855306952,True,3121.695398627647,False,8751.152141281835,53.0,True
34155.2051981432,True,3654.109928752884,False,8103.857002470853,52.0,True
37610.56844832076,True,3878.4150440568574,False,7272.669265693643,47.0,True
36471.557544358264,True,4857.006881634099,False,8573.600786291734,46.0,False
30551.38937439036,True,3087.5038952995087,False,7417.962979374129,49.0,True
29637.83914116477,True,3479.282192090997,False,7805.241034234873,47.0,True
34052.78624727789,True,3397.536954652332,False,8106.791578754265,51.0,True
29229.3258903496,True,3413.8547496419023,False,8526.479418064995,51.0,True
27157.824476801266,True,3883.2705802627297,False,7668.0663736755905,42.0,False
36754.82290536292,True,4941.096344485491,False,7599.7124620191835,40.0,False
36672.45203180776,False,3672.1793309692357,False,7838.0227074657205,49.0,False
13064.031217815846,True,2100.181610501001,False,8451.785781755856,51.0,False
24386.039837354725,False,2425.971823128789,False,7501.476493391384,48.0,True
29060.517209947466,True,4630.998454117131,False,9330.271887911169,49.0,False
973.9853021126744,True,1397.4920376691925,False,9927.916502541982,58.0,False
44310.113483588204,True,0.0,False,8002.784288412147,37.0,False
5648.152278861365,False,-3017.587663976423,False,6376.716528521805,60.0,True
40034.53148925458,False,3407.1838483785136,False,6727.888246564656,46.0,False
23257.603316664517,True,2161.4960475359185,False,8232.201239167869,54.0,True
29759.181938049078,True,3082.7306154766065,False,7823.3588817139225,50.0,True
19904.033616407512,False,415.1363720804366,False,7679.039796994246,57.0,True
10593.58370615266,True,837.5600189816544,False,7590.982878789499,52.0,False
47550.54005695856,False,3788.418795245921,False,7222.723667310271,50.0,False
42028.162561335055,True,0.0,False,7876.202478643716,44.0,True
40498.48075186821,False,1218.6554081703375,False,8210.695208989457,68.0,False
32579.528060286786,False,3155.25460177503,False,8343.096700656622,53.0,False
36665.104874054894,True,3963.0734112020614,False,7685.136985027737,46.0,False
18318.751296982282,False,-279.50197678046743,False,7134.986627544717,58.0,True
28620.466224138632,False,2111.649896842004,False,6806.953321174096,49.0,True
58424.779742232175,False,4789.793476171811,False,7360.924338100759,50.0,False
35244.11228101149,False,3203.6747287379467,False,8076.717967282052,53.0,False
26278.780348477616,True,3385.376723139667,False,8345.441369053966,50.0,True
25602.954889954897,False,1163.5377403160671,False,7185.4968871912715,56.0,True
13899.607809965808,True,1207.4328858486024,False,7644.628854605509,52.0,False
47866.72951215217,False,4839.939241260656,False,6762.078437548169,41.0,False
19448.699217692523,True,1826.0449480525006,False,8628.553500398964,57.0,False
33476.6403886381,True,4173.553323669996,False,8337.32029541882,51.0,True
30590.040841567148,True,2878.263854429585,False,7647.917899200872,52.0,True
39278.7707940738,True,4271.621005377163,False,8271.567112379686,51.0,True
18528.595018637672,True,2208.2407718891295,False,8109.905112132041,51.0,False
28833.764766966513,True,4715.363662373299,False,8481.850067247193,43.0,False
41543.561995811404,True,0.0,False,7538.549612415904,43.0,True
40386.33790566589,True,4782.853793964066,False,7868.9878735658085,48.0,True
11934.238179156662,False,-1200.8315850129484,False,7033.438096147609,58.0,True
46643.554161898166,True,0.0,False,7911.228127435746,43.0,True
21254.44054294844,False,1486.457905911061,False,7937.7421158998095,55.0,True
15897.32161041962,False,-424.2983523717183,False,7163.277902651513,57.0,True
29189.970770389125,False,1140.2869670317136,False,6718.472898140722,51.0,True
32159.716934196334,False,2306.1423788312327,False,6524.045359646673,47.0,False
29696.80666243024,False,1986.8422345741008,False,7518.317340881938,54.0,True
31053.69061592037,True,4386.545422067216,False,9204.885777953532,52.0,True
8493.202931839745,False,-3192.7804169372553,False,6110.340594642928,60.0,True
26330.017847183797,True,2658.794371248924,False,7879.6710013066695,52.0,True
13074.635563171916,False,-1332.6998243325415,False,6836.4786238892675,58.0,True
21859.876964847288,False,976.7383367781572,False,7159.052952616514,52.0,True
48759.9153033777,True,0.0,False,8972.613864853622,47.0,True
41275.7685339187,True,0.0,False,8253.529754023693,40.0,True
36483.99533426559,True,4709.910271972344,False,8716.091851535268,51.0,True
50784.796965491405,False,0.0,False,6839.4404453622465,38.0,False
